Rank;Sourceid;Title;Type;Issn;SJR;SJR Quartile;H index;Total Docs. (2023);Total Docs. (3years);Total Refs.;Total Cites (3years);Citable Docs. (3years);Cites / Doc. (2years);Ref. / Doc.;Country;Region;Publisher;Coverage;Categories;Areas
1;110561;"Proceedings of the IEEE International Conference on Computer Vision";conference and proceedings;"15505499";12,263;-;356;1607;1987;91756;38161;1983;19,21;57,10;United States;Northern America;"Institute of Electrical and Electronics Engineers Inc.";"1988, 1995, 1998-1999, 2001, 2003, 2005, 2007, 2009, 2011, 2013, 2015-2017, 2019, 2021";"Computer Vision and Pattern Recognition; Software";"Computer Science"
2;24212;"Proceedings of the IEEE Computer Society Conference on Computer Vision and Pattern Recognition";conference and proceedings;"10636919";10,331;-;531;1613;5199;91574;135771;5194;21,76;56,77;United States;Northern America;"IEEE Computer Society";"1992, 1994, 1996-2001, 2003-2004, 2006-2007, 2010-2022";"Computer Vision and Pattern Recognition; Software";"Computer Science"
3;21101101212;"AI Open";journal;"26666510";8,119;Q1;16;21;46;1045;1720;44;18,17;49,76;China;Asiatic Region;"KeAi Communications Co.";"2020-2023";"Artificial Intelligence (Q1); Computer Science Applications (Q1); Computer Vision and Pattern Recognition (Q1); Human-Computer Interaction (Q1); Information Systems (Q1); Software (Q1)";"Computer Science"
4;72242;"International Journal of Computer Vision";journal;"09205691, 15731405";6,668;Q1;221;218;471;15857;8320;457;16,03;72,74;Netherlands;Western Europe;"Springer Netherlands";"1987-2023";"Artificial Intelligence (Q1); Computer Vision and Pattern Recognition (Q1); Software (Q1)";"Computer Science"
5;24254;"IEEE Transactions on Pattern Analysis and Machine Intelligence";journal;"01628828";6,158;Q1;417;1132;1248;79813;26320;1236;19,32;70,51;United States;Northern America;"IEEE Computer Society";"1978-2023";"Applied Mathematics (Q1); Artificial Intelligence (Q1); Computational Theory and Mathematics (Q1); Computer Vision and Pattern Recognition (Q1); Software (Q1)";"Computer Science; Mathematics"
6;21101007236;"Nature Machine Intelligence";journal;"25225839";5,940;Q1;67;176;428;8504;7872;304;14,59;48,32;Switzerland;Western Europe;"Springer International Publishing";"2019-2023";"Artificial Intelligence (Q1); Computer Networks and Communications (Q1); Computer Vision and Pattern Recognition (Q1); Human-Computer Interaction (Q1); Software (Q1)";"Computer Science"
7;5100155078;"Foundations and Trends in Computer Graphics and Vision";journal;"15722740";4,952;Q1;27;2;7;375;145;7;7,50;187,50;United States;Northern America;"Now Publishers Inc";"2005-2007, 2009-2016, 2018-2023";"Computer Vision and Pattern Recognition (Q1)";"Computer Science"
8;21100869486;"Computational Visual Media";journal;"20960662, 20960433";4,608;Q1;27;63;110;3855;1648;106;19,84;61,19;China;Asiatic Region;"Tsinghua University Press";"2015-2023";"Artificial Intelligence (Q1); Computer Graphics and Computer-Aided Design (Q1); Computer Vision and Pattern Recognition (Q1)";"Computer Science"
9;17271;"Medical Image Analysis";journal;"13618415, 13618423";4,112;Q1;171;273;813;19887;11160;809;12,77;72,85;Netherlands;Western Europe;"Elsevier B.V.";"1996-2024";"Computer Graphics and Computer-Aided Design (Q1); Computer Vision and Pattern Recognition (Q1); Health Informatics (Q1); Radiological and Ultrasound Technology (Q1); Radiology, Nuclear Medicine and Imaging (Q1)";"Computer Science; Health Professions; Medicine"
10;24823;"Pattern Recognition";journal;"00313203";2,732;Q1;245;776;1594;35674;15242;1591;9,32;45,97;United Kingdom;Western Europe;"Elsevier Ltd";"1968-2024";"Artificial Intelligence (Q1); Computer Vision and Pattern Recognition (Q1); Signal Processing (Q1); Software (Q1)";"Computer Science"
11;21100900379;"IEEE Robotics and Automation Letters";journal;"23773766";2,119;Q1;104;1093;3600;34552;21816;3595;5,46;31,61;United States;Northern America;"Institute of Electrical and Electronics Engineers Inc.";"2016-2023";"Artificial Intelligence (Q1); Biomedical Engineering (Q1); Computer Science Applications (Q1); Computer Vision and Pattern Recognition (Q1); Control and Optimization (Q1); Control and Systems Engineering (Q1); Human-Computer Interaction (Q1); Mechanical Engineering (Q1)";"Computer Science; Engineering; Mathematics"
12;25535;"IEEE Transactions on Visualization and Computer Graphics";journal;"10772626";2,056;Q1;166;682;1138;28192;6481;1113;5,08;41,34;United States;Northern America;"IEEE Computer Society";"1995-2023";"Computer Graphics and Computer-Aided Design (Q1); Computer Vision and Pattern Recognition (Q1); Signal Processing (Q1); Software (Q1)";"Computer Science"
13;21101072017;"Machine Intelligence Research";journal;"2731538X, 27315398";1,681;Q1;11;59;34;4660;237;32;6,97;78,98;China;Asiatic Region;"Chinese Academy of Sciences";"2022-2023";"Applied Mathematics (Q1); Artificial Intelligence (Q1); Computer Networks and Communications (Q1); Computer Science Applications (Q1); Computer Vision and Pattern Recognition (Q1); Control and Systems Engineering (Q1); Modeling and Simulation (Q1); Signal Processing (Q1)";"Computer Science; Engineering; Mathematics"
14;21101070922;"IEEE Transactions on Biometrics, Behavior, and Identity Science";journal;"26376407";1,560;Q1;24;60;134;2773;823;123;5,79;46,22;United States;Northern America;"Institute of Electrical and Electronics Engineers Inc.";"2019-2023";"Artificial Intelligence (Q1); Computer Science Applications (Q1); Computer Vision and Pattern Recognition (Q1); Instrumentation (Q1)";"Computer Science; Physics and Astronomy"
15;23607;"Computerized Medical Imaging and Graphics";journal;"18790771, 08956111";1,459;Q1;93;122;269;6305;1925;267;6,72;51,68;United Kingdom;Western Europe;"Elsevier Ltd";"1988-2023";"Computer Graphics and Computer-Aided Design (Q1); Computer Vision and Pattern Recognition (Q1); Health Informatics (Q1); Radiological and Ultrasound Technology (Q1); Radiology, Nuclear Medicine and Imaging (Q1)";"Computer Science; Health Professions; Medicine"
16;24161;"Computer Vision and Image Understanding";journal;"10773142, 1090235X";1,420;Q1;152;175;299;10176;1682;296;5,48;58,15;United States;Northern America;"Academic Press Inc.";"1993-2023";"Computer Vision and Pattern Recognition (Q1); Signal Processing (Q1); Software (Q1)";"Computer Science"
17;130138;"International Journal on Document Analysis and Recognition";journal;"14332825, 14332833";1,409;Q1;59;38;68;1791;256;65;3,26;47,13;Germany;Western Europe;"Springer Verlag";"1998-2023";"Computer Science Applications (Q1); Computer Vision and Pattern Recognition (Q1); Software (Q1)";"Computer Science"
18;24825;"Pattern Recognition Letters";journal;"01678655";1,400;Q1;181;291;1163;9756;6861;1129;4,97;33,53;Netherlands;Western Europe;"Elsevier B.V.";"1982-2023";"Artificial Intelligence (Q1); Computer Vision and Pattern Recognition (Q1); Signal Processing (Q1); Software (Q1)";"Computer Science"
19;21100970248;"CAAI Transactions on Intelligence Technology";journal;"24686557, 24682322";1,322;Q1;34;158;144;7974;1158;139;8,89;50,47;United Kingdom;Western Europe;"John Wiley &amp; Sons Inc.";"2017-2023";"Artificial Intelligence (Q1); Computer Networks and Communications (Q1); Computer Vision and Pattern Recognition (Q1); Human-Computer Interaction (Q1); Information Systems (Q1)";"Computer Science"
20;23486;"Computing and Visualization in Science";journal;"14329360, 14330369";1,237;Q1;48;0;17;0;46;16;0,00;0,00;Germany;Western Europe;"Springer Verlag";"1997-2013, 2015-2020";"Computational Theory and Mathematics (Q1); Computer Vision and Pattern Recognition (Q1); Engineering (miscellaneous) (Q1); Modeling and Simulation (Q1); Software (Q1); Theoretical Computer Science (Q1)";"Computer Science; Engineering; Mathematics"
21;25549;"Image and Vision Computing";journal;"02628856";1,204;Q1;144;175;420;9841;2388;413;5,26;56,23;United Kingdom;Western Europe;"Elsevier Ltd";"1983-2023";"Computer Vision and Pattern Recognition (Q1); Electrical and Electronic Engineering (Q1); Signal Processing (Q1)";"Computer Science; Engineering"
22;19400158515;"Cognitive Computation";journal;"18669964, 18669956";1,179;Q1;67;160;368;8341;2206;357;5,79;52,13;United States;Northern America;"Springer New York";"2009-2023";"Cognitive Neuroscience (Q1); Computer Science Applications (Q1); Computer Vision and Pattern Recognition (Q1)";"Computer Science; Neuroscience"
23;66854;"IEEE International Conference on Intelligent Robots and Systems";conference and proceedings;"21530858";1,094;-;150;1197;3282;36797;9532;3278;2,26;30,74;United States;Northern America;"Institute of Electrical and Electronics Engineers Inc.";"1988-1990, 1992-2003, 2006-2007, 2011-2022";"Computer Science Applications; Computer Vision and Pattern Recognition; Control and Systems Engineering; Software";"Computer Science; Engineering"
24;25548;"Signal Processing";journal;"01651684";1,065;Q1;161;392;1148;16514;5295;1146;4,24;42,13;Netherlands;Western Europe;"Elsevier B.V.";"1979-2024";"Computer Vision and Pattern Recognition (Q1); Control and Systems Engineering (Q1); Electrical and Electronic Engineering (Q1); Software (Q1); Signal Processing (Q2)";"Computer Science; Engineering"
25;21100792090;"Journal of Artificial Intelligence and Soft Computing Research";journal;"24496499, 20832567";1,003;Q1;28;25;60;1145;218;60;3,73;45,80;Poland;Eastern Europe;"De Gruyter Open Ltd.";"2013-2023";"Computer Vision and Pattern Recognition (Q1); Hardware and Architecture (Q1); Information Systems (Q1); Modeling and Simulation (Q1); Artificial Intelligence (Q2)";"Computer Science; Mathematics"
26;19700177336;"International Journal of Machine Learning and Cybernetics";journal;"1868808X, 18688071";0,988;Q1;65;321;648;15430;3059;643;4,05;48,07;United States;Northern America;"Springer Science + Business Media";"2010-2023";"Computer Vision and Pattern Recognition (Q1); Artificial Intelligence (Q2); Software (Q2)";"Computer Science"
27;21101051831;"Intelligent Systems with Applications";journal;"26673053";0,959;Q1;18;139;113;7413;744;113;5,81;53,33;Netherlands;Western Europe;"Elsevier B.V.";"2021-2023";"Computer Science Applications (Q1); Computer Science (miscellaneous) (Q1); Computer Vision and Pattern Recognition (Q1); Artificial Intelligence (Q2); Signal Processing (Q2)";"Computer Science"
28;21101049065;"International Journal of Interactive Multimedia and Artificial Intelligence";journal;"19891660";0,904;Q2;23;63;194;2654;706;180;3,37;42,13;Spain;Western Europe;"Universidad Internacional de la Rioja";"2019-2023";"Statistics and Probability (Q1); Artificial Intelligence (Q2); Computer Networks and Communications (Q2); Computer Science Applications (Q2); Computer Vision and Pattern Recognition (Q2); Signal Processing (Q2)";"Computer Science; Mathematics"
29;4700152490;"International journal of computer assisted radiology and surgery";journal;"18616410, 18616429";0,853;Q2;66;247;650;6327;2274;639;3,10;25,62;Germany;Western Europe;"Springer Verlag";"2006-2023";"Computer Graphics and Computer-Aided Design (Q1); Radiology, Nuclear Medicine and Imaging (Q1); Surgery (Q1); Biomedical Engineering (Q2); Computer Science Applications (Q2); Computer Vision and Pattern Recognition (Q2); Health Informatics (Q2); Medicine (miscellaneous) (Q2)";"Computer Science; Engineering; Medicine"
30;13803;"Signal Processing: Image Communication";journal;"09235965";0,852;Q2;99;110;527;5691;2396;522;4,22;51,74;Netherlands;Western Europe;"Elsevier B.V.";"1989-2023";"Electrical and Electronic Engineering (Q1); Computer Vision and Pattern Recognition (Q2); Signal Processing (Q2); Software (Q2)";"Computer Science; Engineering"
31;24306;"Digital Signal Processing: A Review Journal";journal;"10954333, 10512004";0,799;Q2;90;360;941;15750;3286;935;3,54;43,75;United States;Northern America;"Elsevier Inc.";"1991-2023";"Applied Mathematics (Q2); Artificial Intelligence (Q2); Computational Theory and Mathematics (Q2); Computer Vision and Pattern Recognition (Q2); Electrical and Electronic Engineering (Q2); Signal Processing (Q2); Statistics, Probability and Uncertainty (Q2)";"Computer Science; Decision Sciences; Engineering; Mathematics"
32;25028;"Computers and Graphics";journal;"00978493";0,791;Q2;82;229;468;10845;1211;399;2,59;47,36;United Kingdom;Western Europe;"Elsevier Ltd";"1975-1980, 1982-2023";"Engineering (miscellaneous) (Q1); Computer Graphics and Computer-Aided Design (Q2); Computer Vision and Pattern Recognition (Q2); Human-Computer Interaction (Q2); Signal Processing (Q2); Software (Q2)";"Computer Science; Engineering"
33;24822;"Pattern Analysis and Applications";journal;"1433755X, 14337541";0,783;Q2;64;115;298;5390;1213;295;4,72;46,87;United Kingdom;Western Europe;"Springer London";"1998-2023";"Artificial Intelligence (Q2); Computer Vision and Pattern Recognition (Q2)";"Computer Science"
34;26146;"Visual Computer";journal;"14322315, 01782789";0,778;Q2;75;675;694;33286;3074;668;4,27;49,31;Germany;Western Europe;"Springer Verlag";"1985-2023";"Computer Graphics and Computer-Aided Design (Q2); Computer Vision and Pattern Recognition (Q2); Software (Q2)";"Computer Science"
35;23671;"Speech Communication";journal;"01676393";0,769;Q2;117;85;219;5221;955;219;3,68;61,42;Netherlands;Western Europe;"Elsevier B.V.";"1982-2023";"Communication (Q1); Linguistics and Language (Q1); Computer Science Applications (Q2); Computer Vision and Pattern Recognition (Q2); Modeling and Simulation (Q2); Software (Q2)";"Computer Science; Mathematics; Social Sciences"
36;21101062832;"Frontiers in Computer Science";journal;"26249898";0,746;Q2;21;177;354;9851;1100;324;2,76;55,66;Switzerland;Western Europe;"Frontiers Media SA";"2019-2023";"Computer Science (miscellaneous) (Q1); Computer Science Applications (Q2); Computer Vision and Pattern Recognition (Q2); Human-Computer Interaction (Q2)";"Computer Science"
37;21100900151;"Journal of Imaging";journal;"2313433X";0,717;Q2;43;282;749;14134;2935;740;3,48;50,12;Switzerland;Western Europe;"Multidisciplinary Digital Publishing Institute (MDPI)";"2015-2023";"Computer Graphics and Computer-Aided Design (Q2); Computer Vision and Pattern Recognition (Q2); Electrical and Electronic Engineering (Q2); Radiology, Nuclear Medicine and Imaging (Q2)";"Computer Science; Engineering; Medicine"
38;35932;"International Journal of Imaging Systems and Technology";journal;"10981098, 08999457";0,706;Q2;57;148;408;6586;1838;405;4,55;44,50;United States;Northern America;"John Wiley and Sons Inc.";"1989-1992, 1994-2023";"Biomedical Engineering (Q2); Computer Science Applications (Q2); Computer Vision and Pattern Recognition (Q2); Electrical and Electronic Engineering (Q2); Electronic, Optical and Magnetic Materials (Q2); Health Informatics (Q2); Radiology, Nuclear Medicine and Imaging (Q2); Software (Q2)";"Computer Science; Engineering; Materials Science; Medicine"
39;28501;"Journal of Mathematical Imaging and Vision";journal;"09249907, 15737683";0,684;Q2;81;48;197;2167;397;192;1,35;45,15;Netherlands;Western Europe;"Springer Netherlands";"1992-2023";"Applied Mathematics (Q2); Computer Vision and Pattern Recognition (Q2); Condensed Matter Physics (Q2); Geometry and Topology (Q2); Modeling and Simulation (Q2); Statistics and Probability (Q2)";"Computer Science; Mathematics; Physics and Astronomy"
40;25592;"Journal of Visual Communication and Image Representation";journal;"10473203, 10959076";0,671;Q2;96;237;597;11873;2045;597;3,39;50,10;United States;Northern America;"Academic Press Inc.";"1990-2023";"Media Technology (Q1); Computer Vision and Pattern Recognition (Q2); Electrical and Electronic Engineering (Q2); Signal Processing (Q2)";"Computer Science; Engineering"
41;12984;"Machine Vision and Applications";journal;"14321769, 09328092";0,657;Q2;77;128;292;6073;1015;289;3,24;47,45;Germany;Western Europe;"Springer Verlag";"1988-2023";"Computer Science Applications (Q2); Computer Vision and Pattern Recognition (Q2); Hardware and Architecture (Q2); Software (Q2)";"Computer Science"
42;14500154734;"Evolutionary Intelligence";journal;"18645917, 18645909";0,638;Q2;36;180;408;8518;1451;401;3,40;47,32;Germany;Western Europe;"Springer Verlag";"2008-2023";"Computer Vision and Pattern Recognition (Q2); Mathematics (miscellaneous) (Q2); Artificial Intelligence (Q3); Cognitive Neuroscience (Q3)";"Computer Science; Mathematics; Neuroscience"
43;4700151613;"Information Visualization";journal;"14738724, 14738716";0,630;Q2;53;20;55;1398;160;55;2,05;69,90;United States;Northern America;"SAGE Publications Inc.";"1997, 2002-2023";"Computer Vision and Pattern Recognition (Q2)";"Computer Science"
44;21101037157;"Visual Computing for Industry, Biomedicine, and Art";journal;"25244442, 2096496X";0,600;Q2;19;24;85;1293;296;84;4,12;53,88;Germany;Western Europe;"Springer Science and Business Media Deutschland GmbH";"2018-2023";"Visual Arts and Performing Arts (Q1); Computer Graphics and Computer-Aided Design (Q2); Computer Science (miscellaneous) (Q2); Computer Vision and Pattern Recognition (Q2); Medicine (miscellaneous) (Q2); Software (Q2)";"Arts and Humanities; Computer Science; Medicine"
45;24282;"Proceedings - International Conference on Pattern Recognition";conference and proceedings;"10514651";0,584;-;120;0;2131;0;3671;2125;0,87;0,00;United States;Northern America;"Institute of Electrical and Electronics Engineers Inc.";"1982, 1984, 1986, 1988, 1990, 1992, 1994, 1996, 1998, 2000, 2002, 2004, 2006, 2008, 2010, 2012, 2014, 2016, 2018, 2020-2022";"Computer Vision and Pattern Recognition";"Computer Science"
46;21100216567;"IET Biometrics";journal;"20474938, 20474946";0,583;Q2;41;20;128;837;358;121;2,45;41,85;United Kingdom;Western Europe;"John Wiley &amp; Sons Inc.";"2012-2023";"Computer Vision and Pattern Recognition (Q2); Signal Processing (Q2); Software (Q2)";"Computer Science"
47;18078;"Robotica";journal;"02635747, 14698668";0,579;Q2;73;192;489;7292;1255;487;2,46;37,98;United Kingdom;Western Europe;"Cambridge University Press";"1983-2023";"Computational Mechanics (Q2); Computer Science Applications (Q2); Computer Vision and Pattern Recognition (Q2); Control and Optimization (Q2); Control and Systems Engineering (Q2); Mathematics (miscellaneous) (Q2); Mechanical Engineering (Q2); Modeling and Simulation (Q2); Rehabilitation (Q2); Software (Q2); Artificial Intelligence (Q3)";"Computer Science; Engineering; Mathematics; Medicine"
48;5400152646;"IET Image Processing";journal;"17519667, 17519659";0,571;Q2;59;319;1106;14673;3274;1101;2,82;46,00;United Kingdom;Western Europe;"John Wiley &amp; Sons Inc.";"2007-2023";"Computer Vision and Pattern Recognition (Q2); Electrical and Electronic Engineering (Q2); Signal Processing (Q2); Software (Q2)";"Computer Science; Engineering"
49;5800208235;"Spatial Cognition and Computation";journal;"13875868";0,534;Q2;42;14;36;678;90;36;2,04;48,43;United States;Northern America;"Taylor and Francis Ltd.";"2000, 2003-2023";"Computer Graphics and Computer-Aided Design (Q2); Computer Vision and Pattern Recognition (Q2); Earth-Surface Processes (Q2); Modeling and Simulation (Q2); Experimental and Cognitive Psychology (Q3)";"Computer Science; Earth and Planetary Sciences; Mathematics; Psychology"
50;21100243801;"Multisensory Research";journal;"22134808, 22134794";0,521;Q2;57;28;108;2212;216;105;1,81;79,00;Netherlands;Western Europe;"Brill Academic Publishers";"2013-2023";"Computer Vision and Pattern Recognition (Q2); Ophthalmology (Q2); Cognitive Neuroscience (Q3); Experimental and Cognitive Psychology (Q3); Sensory Systems (Q3)";"Computer Science; Medicine; Neuroscience; Psychology"
51;21100217227;"Iranian Journal of Science and Technology - Transactions of Electrical Engineering";journal;"23641827, 22286179";0,509;Q2;27;118;295;4314;869;295;2,61;36,56;Switzerland;Western Europe;"Springer Nature";"2012-2013, 2016-2023";"Computer Networks and Communications (Q2); Computer Vision and Pattern Recognition (Q2); Electrical and Electronic Engineering (Q2); Energy Engineering and Power Technology (Q2); Signal Processing (Q3)";"Computer Science; Energy; Engineering"
52;26802;"International Journal of Speech Technology";journal;"13812416, 15728110";0,485;Q3;39;80;262;3509;733;261;2,51;43,86;Netherlands;Western Europe;"Springer Netherlands";"1995, 1997-2023";"Linguistics and Language (Q1); Computer Vision and Pattern Recognition (Q3); Human-Computer Interaction (Q3); Software (Q3)";"Computer Science; Social Sciences"
53;12320;"Journal of the Optical Society of America A: Optics and Image Science, and Vision";journal;"15208532, 10847529";0,459;Q3;173;309;811;9838;1396;800;1,46;31,84;United States;Northern America;"Optica Publishing Group";"1979, 1984-2023";"Atomic and Molecular Physics, and Optics (Q2); Electronic, Optical and Magnetic Materials (Q2); Computer Vision and Pattern Recognition (Q3); Medicine (miscellaneous) (Q3)";"Computer Science; Materials Science; Medicine; Physics and Astronomy"
54;7000153231;"IET Computer Vision";journal;"17519640, 17519632";0,443;Q3;47;110;191;5193;406;186;2,14;47,21;United Kingdom;Western Europe;"John Wiley &amp; Sons Inc.";"2007-2023";"Computer Vision and Pattern Recognition (Q3); Software (Q3)";"Computer Science"
55;19700201529;"IPSJ Transactions on Computer Vision and Applications";journal;"18826695";0,441;Q3;25;0;4;0;10;4;0,00;0,00;Japan;Asiatic Region;"Information Processing Society of Japan";"2009-2020";"Computer Vision and Pattern Recognition (Q3)";"Computer Science"
56;21100863714;"International Journal of Computer-Assisted Language Learning and Teaching";journal;"21557101, 21557098";0,430;Q3;12;19;73;923;151;73;1,64;48,58;United States;Northern America;"IGI Global Publishing";"2017-2023";"Linguistics and Language (Q1); Education (Q2); Computer Science Applications (Q3); Computer Vision and Pattern Recognition (Q3)";"Computer Science; Social Sciences"
57;21100223313;"Journal of Information Hiding and Multimedia Signal Processing";journal;"20734239, 20734212";0,406;Q3;30;19;56;389;91;55;1,53;20,47;Taiwan;Asiatic Region;"Taiwan Ubiquitous Information";"2010-2023";"Computer Vision and Pattern Recognition (Q3); Software (Q3)";"Computer Science"
58;21100464776;"Statistics, Optimization and Information Computing";journal;"23105070, 2311004X";0,375;Q3;19;74;200;2082;276;200;1,38;28,14;United States;Northern America;"International Academic Press";"2013-2023";"Artificial Intelligence (Q3); Computer Vision and Pattern Recognition (Q3); Control and Optimization (Q3); Information Systems (Q3); Signal Processing (Q3); Statistics and Probability (Q3); Statistics, Probability and Uncertainty (Q3)";"Computer Science; Decision Sciences; Mathematics"
59;4700152485;"Pattern Recognition and Image Analysis";journal;"15556212, 10546618";0,362;Q3;33;75;249;1534;302;249;1,11;20,45;United States;Northern America;"Pleiades Publishing";"2006-2023";"Computer Graphics and Computer-Aided Design (Q3); Computer Vision and Pattern Recognition (Q3)";"Computer Science"
60;12961;"Journal of Computer and Systems Sciences International";journal;"10642307, 15556530";0,344;Q3;24;77;242;1569;183;242;0,74;20,38;United States;Northern America;"Pleiades Publishing";"1993-2023";"Applied Mathematics (Q3); Computer Networks and Communications (Q3); Computer Vision and Pattern Recognition (Q3); Control and Systems Engineering (Q3); Information Systems (Q3); Software (Q3); Theoretical Computer Science (Q4)";"Computer Science; Engineering; Mathematics"
61;34202;"Annual International Conference of the IEEE Engineering in Medicine and Biology - Proceedings";conference and proceedings;"05891019";0,340;-;99;1236;4208;21754;5115;4199;1,08;17,60;United States;Northern America;"Institute of Electrical and Electronics Engineers Inc.";"1974-1984, 1989-2022";"Biomedical Engineering; Computer Vision and Pattern Recognition; Health Informatics; Signal Processing";"Computer Science; Engineering; Medicine"
62;21100390407;"Journal of Biomedical Physics and Engineering";journal;"22517200";0,332;Q3;22;64;247;1842;383;230;1,42;28,78;Iran;Middle East;"Shiraz University of Medical Sciences";"2015-2023";"Artificial Intelligence (Q3); Biomedical Engineering (Q3); Computer Science Applications (Q3); Computer Vision and Pattern Recognition (Q3); Physical Therapy, Sports Therapy and Rehabilitation (Q3); Radiation (Q3); Radiological and Ultrasound Technology (Q3); Radiology, Nuclear Medicine and Imaging (Q3); Bioengineering (Q4)";"Chemical Engineering; Computer Science; Engineering; Health Professions; Medicine; Physics and Astronomy"
63;21101077110;"Cognitive Computation and Systems";journal;"25177567";0,322;Q3;10;25;90;935;135;88;1,43;37,40;United Kingdom;Western Europe;"John Wiley and Sons Inc.";"2019-2023";"Artificial Intelligence (Q3); Computer Science Applications (Q3); Computer Vision and Pattern Recognition (Q3); Cognitive Neuroscience (Q4); Experimental and Cognitive Psychology (Q4)";"Computer Science; Neuroscience; Psychology"
64;11300153726;"Intelligent Data Analysis";journal;"1088467X, 15714128";0,322;Q3;52;91;253;3618;294;236;1,02;39,76;Netherlands;Western Europe;"IOS Press BV";"1997-2023";"Artificial Intelligence (Q3); Computer Vision and Pattern Recognition (Q3); Theoretical Computer Science (Q4)";"Computer Science; Mathematics"
65;21101077474;"International Journal of Image, Graphics and Signal Processing";journal;"20749074, 20749082";0,316;Q3;13;42;98;1269;166;98;1,84;30,21;China;Asiatic Region;"Modern Education and Computer Science Press";"2019-2023";"Computer Graphics and Computer-Aided Design (Q3); Computer Vision and Pattern Recognition (Q3); Signal Processing (Q3)";"Computer Science"
66;21100890645;"International Journal of Advances in Intelligent Informatics";journal;"25483161, 24426571";0,315;Q3;16;40;86;1617;154;86;1,69;40,43;Indonesia;Asiatic Region;"Universitas Ahmad Dahlan";"2015-2023";"Artificial Intelligence (Q3); Computer Vision and Pattern Recognition (Q3); Human-Computer Interaction (Q4)";"Computer Science"
67;21101044836;"Journal of Computer Science and Technology(Argentina)";journal;"16666046, 16666038";0,312;Q3;5;17;34;516;32;32;0,94;30,35;Argentina;Latin America;"Facultad de Informatica, Universidad Nacional de La Plata";"2021-2023";"Artificial Intelligence (Q3); Computer Science Applications (Q3); Computer Science (miscellaneous) (Q3); Computer Vision and Pattern Recognition (Q3); Hardware and Architecture (Q3); Software (Q3)";"Computer Science"
68;24310;"International Journal of Pattern Recognition and Artificial Intelligence";journal;"02180014, 17936381";0,302;Q3;62;200;663;7930;921;661;1,20;39,65;Singapore;Asiatic Region;"World Scientific Publishing Co. Pte Ltd";"1995-2023";"Computer Vision and Pattern Recognition (Q3); Software (Q3); Artificial Intelligence (Q4)";"Computer Science"
69;11700154323;"Image Analysis and Stereology";journal;"15803139, 18545165";0,300;Q3;30;16;48;557;69;48;0,88;34,81;Slovenia;Eastern Europe;"International Society for Stereology";"2000-2023";"Acoustics and Ultrasonics (Q3); Biotechnology (Q3); Computer Vision and Pattern Recognition (Q3); Instrumentation (Q3); Materials Science (miscellaneous) (Q3); Mathematics (miscellaneous) (Q3); Radiology, Nuclear Medicine and Imaging (Q3); Signal Processing (Q3)";"Biochemistry, Genetics and Molecular Biology; Computer Science; Materials Science; Mathematics; Medicine; Physics and Astronomy"
70;21101060452;"Vietnam Journal of Computer Science";journal;"21968896";0,285;Q3;9;30;78;1273;116;78;1,38;42,43;Singapore;Asiatic Region;"World Scientific";"2019-2023";"Computational Theory and Mathematics (Q3); Computer Science (miscellaneous) (Q3); Computer Vision and Pattern Recognition (Q3); Information Systems (Q3); Artificial Intelligence (Q4); Software (Q4)";"Computer Science"
71;21100198475;"Electronic Letters on Computer Vision and Image Analysis";journal;"15775097";0,283;Q3;14;6;47;136;71;47;0,83;22,67;Spain;Western Europe;"Centre de Visio per Computador";"2011-2023";"Computer Vision and Pattern Recognition (Q3); Software (Q4)";"Computer Science"
72;15109;"IEICE Transactions on Information and Systems";journal;"17451361, 09168532";0,277;Q3;55;220;845;5579;725;811;0,78;25,36;Japan;Asiatic Region;"Maruzen Co., Ltd/Maruzen Kabushikikaisha";"1993-2023";"Computer Vision and Pattern Recognition (Q3); Electrical and Electronic Engineering (Q3); Hardware and Architecture (Q3); Artificial Intelligence (Q4); Software (Q4)";"Computer Science; Engineering"
73;21101070215;"International Workshop on Visual Analytics";conference and proceedings;"26644487";0,277;-;12;13;40;351;29;37;0,76;27,00;Germany;Western Europe;"Eurographics Association";"2011-2023";"Computer Graphics and Computer-Aided Design; Computer Vision and Pattern Recognition; Signal Processing; Software";"Computer Science"
74;25644;"Presence: Teleoperators and Virtual Environments";journal;"15313263, 10547460";0,273;Q3;101;9;71;419;81;68;0,69;46,56;United States;Northern America;"MIT Press Journals";"1992-2023";"Computer Vision and Pattern Recognition (Q3); Control and Systems Engineering (Q3); Human-Computer Interaction (Q4); Software (Q4)";"Computer Science; Engineering"
75;21100211724;"Intelligent Decision Technologies";journal;"18724981, 18758843";0,266;Q3;19;84;172;3718;211;163;1,00;44,26;Netherlands;Western Europe;"IOS Press BV";"2007-2023";"Computer Vision and Pattern Recognition (Q3); Artificial Intelligence (Q4); Human-Computer Interaction (Q4); Software (Q4); Statistics and Probability (Q4); Statistics, Probability and Uncertainty (Q4)";"Computer Science; Decision Sciences; Mathematics"
76;21100818722;"Cybernetics and Physics";journal;"22237038, 22264116";0,265;Q3;12;35;92;927;91;92;1,01;26,49;Russian Federation;Eastern Europe;"Institute of Problems of Mechanical Engineering, Russian Academy of Sciences";"2016-2023";"Computer Vision and Pattern Recognition (Q3); Control and Optimization (Q3); Fluid Flow and Transfer Processes (Q3); Physics and Astronomy (miscellaneous) (Q3); Artificial Intelligence (Q4); Signal Processing (Q4)";"Chemical Engineering; Computer Science; Mathematics; Physics and Astronomy"
77;21100899307;"Cyber-Physical Systems";journal;"23335785";0,257;Q3;15;22;37;883;68;37;1,72;40,14;United Kingdom;Western Europe;"Taylor and Francis Ltd.";"2015-2023";"Computational Mechanics (Q3); Computer Graphics and Computer-Aided Design (Q3); Computer Networks and Communications (Q3); Computer Vision and Pattern Recognition (Q3); Information Systems (Q3); Control and Systems Engineering (Q4); Hardware and Architecture (Q4)";"Computer Science; Engineering"
78;11600154611;"ACM International Conference Proceeding Series";conference and proceedings;"-";0,253;-;151;519;35675;13970;23024;34023;0,58;26,92;United States;Northern America;"Association for Computing Machinery (ACM)";"1993, 1996-1997, 1999-2023";"Artificial Intelligence; Computer Networks and Communications; Computer Vision and Pattern Recognition; Human-Computer Interaction; Software";"Computer Science"
79;21100203110;"Computer Optics";journal;"01342452";0,251;Q4;39;107;338;3493;592;337;1,81;32,64;Russian Federation;Eastern Europe;"Institution of Russian Academy of Sciences, Image Processing Systems Institute of RAS";"2008-2023";"Electrical and Electronic Engineering (Q3); Engineering (miscellaneous) (Q3); Atomic and Molecular Physics, and Optics (Q4); Computer Science Applications (Q4); Computer Vision and Pattern Recognition (Q4)";"Computer Science; Engineering; Physics and Astronomy"
80;21100869464;"International Journal of Image and Graphics";journal;"02194678, 17936756";0,247;Q4;24;151;193;6565;283;193;1,44;43,48;Singapore;Asiatic Region;"World Scientific";"2001-2023";"Computer Graphics and Computer-Aided Design (Q3); Computer Science Applications (Q4); Computer Vision and Pattern Recognition (Q4)";"Computer Science"
81;19700166503;"Journal of Advanced Computational Intelligence and Intelligent Informatics";journal;"13430130, 18838014";0,239;Q4;32;134;297;3439;284;296;1,03;25,66;Japan;Asiatic Region;"Fuji Technology Press";"1997-2023";"Artificial Intelligence (Q4); Computer Vision and Pattern Recognition (Q4); Human-Computer Interaction (Q4)";"Computer Science"
82;19900191975;"Journal of Uncertain Systems";journal;"17528917, 17528909";0,238;Q4;21;35;59;1023;78;58;1,32;29,23;Singapore;Asiatic Region;"World Scientific";"2011-2019, 2021-2023";"Artificial Intelligence (Q4); Computer Vision and Pattern Recognition (Q4); Control and Optimization (Q4)";"Computer Science; Mathematics"
83;25533;"Proceedings of the Information Visualization Conference";conference and proceedings;"10939547";0,238;-;45;71;250;1637;185;243;0,52;23,06;United States;Northern America;"Institute of Electrical and Electronics Engineers Inc.";"1995-1997, 1999-2016, 2019-2022";"Computer Vision and Pattern Recognition; Signal Processing; Software";"Computer Science"
84;21100864723;"Advanced Biomedical Engineering";journal;"21875219";0,228;Q4;9;28;73;782;47;71;0,72;27,93;Japan;Asiatic Region;"Japanese Society for Medical and Biological Engineering";"2012-2023";"Biomaterials (Q4); Biomedical Engineering (Q4); Biotechnology (Q4); Computer Science Applications (Q4); Computer Vision and Pattern Recognition (Q4)";"Biochemistry, Genetics and Molecular Biology; Computer Science; Engineering; Materials Science"
85;21100244604;"Scientific Visualization";journal;"20793537";0,220;Q4;12;55;160;1296;85;160;0,60;23,56;Russian Federation;Eastern Europe;"National Research Nuclear University "MEPhI"";"2013-2023";"Computer Vision and Pattern Recognition (Q4); Software (Q4)";"Computer Science"
86;21101170296;"CAAI Transactions on Intelligent Systems";journal;"16734785";0,218;Q4;12;108;394;3478;343;389;0,81;32,20;China;Asiatic Region;"";"2019-2023";"Artificial Intelligence (Q4); Computer Vision and Pattern Recognition (Q4); Control and Systems Engineering (Q4)";"Computer Science; Engineering"
87;21101052723;"Chinese Journal on Internet of Things";journal;"20963750";0,213;Q4;8;54;166;1969;127;166;0,61;36,46;China;Asiatic Region;"Beijing Xintong Media Co., Ltd.";"2019-2023";"Computer Networks and Communications (Q4); Computer Science Applications (Q4); Computer Vision and Pattern Recognition (Q4); Information Systems (Q4)";"Computer Science"
88;21101021717;"Journal of Image and Graphics";journal;"10068961";0,212;Q4;15;224;670;11723;998;670;1,66;52,33;China;Asiatic Region;"Editorial and Publishing Board of JIG";"2020-2023";"Computer Graphics and Computer-Aided Design (Q3); Artificial Intelligence (Q4); Computer Vision and Pattern Recognition (Q4); Human-Computer Interaction (Q4)";"Computer Science"
89;21100211768;"International Journal of Computational Vision and Robotics";journal;"1752914X, 17529131";0,211;Q4;15;35;108;1252;110;108;0,99;35,77;United Kingdom;Western Europe;"Inderscience Enterprises Ltd";"2012-2023";"Computer Science Applications (Q4); Computer Vision and Pattern Recognition (Q4)";"Computer Science"
90;21100826268;"Computer Science";journal;"23007036, 15082806";0,208;Q4;10;24;72;1062;63;72;0,71;44,25;Poland;Eastern Europe;"AGH University of Science and Technology";"2017-2023";"Artificial Intelligence (Q4); Computational Theory and Mathematics (Q4); Computer Graphics and Computer-Aided Design (Q4); Computer Networks and Communications (Q4); Computer Science (miscellaneous) (Q4); Computer Vision and Pattern Recognition (Q4); Modeling and Simulation (Q4)";"Computer Science; Mathematics"
91;17700155303;"International Journal of Biometrics";journal;"1755831X, 17558301";0,205;Q4;18;42;90;1604;97;88;1,25;38,19;United Kingdom;Western Europe;"Inderscience Enterprises Ltd";"2009-2023";"Applied Mathematics (Q4); Computer Science Applications (Q4); Computer Vision and Pattern Recognition (Q4); Electrical and Electronic Engineering (Q4)";"Computer Science; Engineering; Mathematics"
92;21100440516;"International Journal of Computer Information Systems and Industrial Management Applications";journal;"21507988";0,203;Q4;11;50;101;1957;126;101;0,66;39,14;United States;Northern America;"Machine Intelligence Research Labs";"2015-2023";"Artificial Intelligence (Q4); Computer Vision and Pattern Recognition (Q4); Information Systems (Q4); Management Information Systems (Q4); Signal Processing (Q4); Strategy and Management (Q4)";"Business, Management and Accounting; Computer Science"
93;87936;"Moshi Shibie yu Rengong Zhineng/Pattern Recognition and Artificial Intelligence";journal;"10036059";0,184;Q4;26;80;312;3756;230;312;0,66;46,95;China;Asiatic Region;"Science China Press";"2001-2023";"Artificial Intelligence (Q4); Computer Vision and Pattern Recognition (Q4); Software (Q4)";"Computer Science"
94;25962;"Imaging Science Journal";journal;"13682199, 1743131X";0,183;Q4;30;115;95;5261;89;95;0,77;45,75;United Kingdom;Western Europe;"Maney Publishing";"1997-2023";"Media Technology (Q3); Computer Vision and Pattern Recognition (Q4)";"Computer Science; Engineering"
95;21101120334;"Journal of Graphics";journal;"2095302X";0,169;Q4;8;130;358;3768;260;357;0,65;28,98;China;Asiatic Region;"";"2019-2023";"Computer Graphics and Computer-Aided Design (Q4); Computer Science Applications (Q4); Computer Vision and Pattern Recognition (Q4); Engineering (miscellaneous) (Q4); Industrial and Manufacturing Engineering (Q4)";"Computer Science; Engineering"
96;13024;"Acta Cybernetica";journal;"0324721X";0,161;Q4;18;13;70;399;39;67;0,60;30,69;Hungary;Eastern Europe;"University of Szeged, Institute of Informatics";"1990-2023";"Computational Theory and Mathematics (Q4); Computer Science (miscellaneous) (Q4); Computer Vision and Pattern Recognition (Q4); Electrical and Electronic Engineering (Q4); Information Systems and Management (Q4); Management Science and Operations Research (Q4); Software (Q4); Theoretical Computer Science (Q4)";"Computer Science; Decision Sciences; Engineering; Mathematics"
97;21100818502;"Journal of Information Systems and Telecommunication";journal;"23221437, 23452773";0,160;Q4;9;26;90;892;49;90;0,62;34,31;Iran;Middle East;"Iranian Academic Center for Education, Culture and Research";"2013-2023";"Artificial Intelligence (Q4); Computer Networks and Communications (Q4); Computer Science Applications (Q4); Computer Vision and Pattern Recognition (Q4); Information Systems (Q4)";"Computer Science"
98;21101050913;"Journal of Image and Graphics(United Kingdom)";journal;"23013699";0,155;Q4;10;52;49;1505;173;49;3,53;28,94;United Kingdom;Western Europe;"University of Portsmouth";"2021-2023";"Computer Graphics and Computer-Aided Design (Q4); Computer Science Applications (Q4); Computer Vision and Pattern Recognition (Q4)";"Computer Science"
99;21101172912;"Proceedings of the International Conference on Virtual Learning";conference and proceedings;"18448933, 29719291";0,152;-;4;24;132;522;18;129;0,15;21,75;Romania;Eastern Europe;"National Institute for R and D in Informatics";"2019-2022";"Artificial Intelligence; Computer Science Applications; Computer Vision and Pattern Recognition; Human-Computer Interaction";"Computer Science"
100;21100259128;"Journal of Advances in Information Fusion";journal;"15576418";0,145;Q4;16;4;27;108;16;25;0,81;27,00;United States;Northern America;"International Society of Information Fusion";"2013-2022";"Computer Vision and Pattern Recognition (Q4); Information Systems (Q4); Signal Processing (Q4)";"Computer Science"
101;145346;"Machine Graphics and Vision";journal;"2720250X, 12300535";0,120;Q4;14;11;13;390;5;13;0,25;35,45;Poland;Eastern Europe;"Institute of Information Technology, Warsaw University of Life Sciences - SGGW";"2004-2011, 2013-2014, 2016-2023";"Computer Graphics and Computer-Aided Design (Q4); Computer Vision and Pattern Recognition (Q4); Software (Q4)";"Computer Science"
102;21101033264;"Journal of Forensic Document Examination";journal;"08950849, 26400677";0,111;Q4;4;0;6;0;0;3;0,00;0,00;United States;Northern America;"Association of Forensic Document Examiners";"2014-2019, 2021";"Artificial Intelligence (Q4); Arts and Humanities (miscellaneous) (Q4); Cognitive Neuroscience (Q4); Computational Theory and Mathematics (Q4); Computer Graphics and Computer-Aided Design (Q4); Computer Science Applications (Q4); Computer Vision and Pattern Recognition (Q4)";"Arts and Humanities; Computer Science; Neuroscience"
103;21100396507;"Algorithmic Finance";journal;"21576203, 21585571";0,102;Q4;11;4;13;111;1;13;0,11;27,75;Netherlands;Western Europe;"IOS Press BV";"2011-2023";"Computational Mathematics (Q4); Computer Science Applications (Q4); Computer Vision and Pattern Recognition (Q4); Finance (Q4)";"Computer Science; Economics, Econometrics and Finance; Mathematics"
104;21101167511;"Advanced Intelligent Systems";journal;"26404567";;-;8;322;0;21067;0;0;0,00;65,43;United States;Northern America;"John Wiley and Sons Inc.";"2020, 2023";"Artificial Intelligence; Computer Vision and Pattern Recognition; Control and Systems Engineering; Electrical and Electronic Engineering; Human-Computer Interaction; Materials Science (miscellaneous); Mechanical Engineering";"Computer Science; Engineering; Materials Science"
105;21100380994;"Lecture Notes in Computational Vision and Biomechanics";book series;"22129391, 22129413";;-;23;65;77;1527;18;0;0,00;23,49;Switzerland;Western Europe;"Springer International Publishing AG";"2012-2020, 2023";"Artificial Intelligence; Biomedical Engineering; Computer Science Applications; Computer Vision and Pattern Recognition; Mechanical Engineering; Signal Processing";"Computer Science; Engineering"
